{"ys0AHSUS/6CC21R1cOO1hA==":"logo.png","il+rLP88Gar34C6C78j8DQ==":"t%C5%82o-191x127.jpg","OO2u/uzfYpokwnL3uz+BzQ==":"t%C5%82o-191x127.jpeg","6NDrYIYw4gQ7W5roPPptJg==":"mbr-1920x1080.jpg","DUV8dBmtHZOLpfdXrJY/qg==":"wymarzone%20moto-640x480.jpeg","Mdg+haKWQsffcxrg5WJHBA==":"mbr-1920x1280.jpeg","jwEi2qVSdqoubAEozySnKw==":"wymarzone%20moto-640x480.jpg","/ZbM3nCKOoWUCnQScQVqjQ==":"wymarzone%20moto-640x480.jpeg","fC2Hoj9r/APfo+uwSQ+6UA==":"mbr-1920x1219.jpg","wxDFxz1cjI6ynUS75dPrug==":"mbr-1920x1280.jpg","ppPX3yoUBnK99NikMFZg+A==":"mbr-1-1920x1080.jpg","nbclB1LxPMCoxIiGPGab0A==":"mbr-2-1920x1080.jpg","n1dx+NZv3qks526xC0hZ5Q==":"background13.jpg","zm/k3bfTwMHbFJTkazkz2Q==":"mbr-1920x1278.jpg"}